Раздел,Название параметра,Название столбца,Тип данных,Единицы измерения,Степень влияния,"Степень динамичности изменения параметра (1 - постоянно изменяющийся, 2 - периодически изменяющийся, 3 - статичный)","Степень динамичности изменения параметра уточненная
1 - постоянно изменяющийся (ежедневно), 
2.1 - периодически изменяющийся (допустимо изменение один раз в неделю), 
2.2 - периодически изменяющийся (допустимо изменение один раз в месяц),
3.1 - статичный (обязательное изменение после останова/проведения ремонта)
3.2 - статичный (возможное изменение после останова/проведения ремонта)
3.3 - статичный (не изменяется)"
Скважинно-пластовые условия,"Активная мощность с СУ, кВт",ActivePowerCS_kWt,float,кВт,1,1,
Осложнения,АСПО - Затрубное пространство,cf_aspo_node_Annulus,float,,1,2,2.2
Осложнения,АСПО - Защищаемый узел: Затрубное пространство,pf_aspo_node_Annulus,float,,1,2,2.2
Осложнения,"АСПО - Защищаемый узел: НКТ (внутренняя поверхность, тело)",pf_aspo_node_NKT_body,float,,1,2,2.2
Осложнения,"АСПО - Категория ОФ (1, 2)",cf_aspo_category,float,,1,2,2.2
Осложнения,"АСПО - Наличие ОФ ""АСФАЛЬТОСМОЛОПАРАФИНОВЫЕ ОТЛОЖЕНИЯ""",cf_aspo,float,,1,2,2.2
Осложнения,"АСПО - Наличие технологии защиты от данного ОФ (да, нет)",pf_aspo,float,,1,2,2.2
Осложнения,"АСПО - НКТ (внутренняя поверхность, тело)",cf_aspo_node_NKT_body,float,,1,2,2.2
Осложнения,АСПО - Технология защиты 1,pf_aspo_ProtectionName1,str,,1,2,2.2
Осложнения,АСПО - Технология защиты 2,pf_aspo_ProtectionName2,str,,1,2,2.2
Осложнения,АСПО - Технология защиты 3,pf_aspo_ProtectionName3,str,,1,2,2.2
Осложнения,АСПО - Технология защиты 4,pf_aspo_ProtectionName4,str,,1,2,2.2
Осложнения,АСПО - Технология защиты 5,pf_aspo_ProtectionName5,str,,1,2,2.2
Осложнения,АСПО - Тип ОФ: Парафиновый,cf_aspo_Paraffin,float,,1,2,2.2
Осложнения,АСПО - Тип ОФ: Смешанный,cf_aspo_Mixed,float,,1,2,2.2
Осложнения,АСПО - Тип ОФ: Смолисто-Асфальтеновый,cf_aspo_Asphalt,float,,1,2,2.2
Скважинно-пластовые условия,Буферное давление,WellHeadPressure_atm,float,,3,,
Осложнения,"ВГО - Защищаемый узел: Насос (внутренняя, силовая часть)",pf_vgf_node_Pump,float,,1,2,2.2
Осложнения,"ВГО - Категория ОФ (1, 2)",cf_vgf_category,float,,1,2,2.2
Осложнения,"ВГО - Наличие ОФ ""ВЫСОКИЙ ГАЗОВЫЙ ФАКТОР""",cf_vgf,float,,1,2,2.2
Осложнения,"ВГО - Наличие технологии защиты от данного ОФ (да, нет)",pf_vgf,float,,1,2,2.2
Осложнения,ВГО - Технология защиты 1,pf_vgf_ProtectionName1,str,,1,2,2.2
Осложнения,ВГО - Технология защиты 2,pf_vgf_ProtectionName2,str,,1,2,2.2
Осложнения,ВГО - Технология защиты 3,pf_vgf_ProtectionName3,str,,1,2,2.2
Осложнения,ВГО - Технология защиты 4,pf_vgf_ProtectionName4,str,,1,2,2.2
Осложнения,ВГО - Технология защиты 5,pf_vgf_ProtectionName5,str,,1,2,2.2
Осложнения,"ВГО - Узел подверженный ОФ: Насос (внутренняя, силовая часть)",cf_vgf_node_Pump,float,,1,2,2.2
Осложнения,"ВН - Защищаемый узел: Насос (внутренняя, силовая часть)",pf_vn_node_Pump,float,,1,2,2.2
Осложнения,"ВН - Защищаемый узел: НКТ (внутренняя поверхность, тело)",pf_vn_node_NKT_body,float,,1,2,2.2
Осложнения,"ВН - Категория ОФ (1, 2)",cf_vn_category,float,,1,2,2.2
Осложнения,"ВН - Наличие ОФ ""ВЫСОКОВЯЗКИЕ НЕФТИ""",cf_vn,float,,1,2,2.2
Осложнения,"ВН - Наличие технологии защиты от данного ОФ (да, нет)",pf_vn,float,,1,2,2.2
Осложнения,"ВН - Насос (внутренняя, силовая часть)",cf_vn_node_Pump,float,,1,2,2.2
Осложнения,"ВН - НКТ (внутренняя поверхность, тело)",cf_vn_node_NKT_body,float,,1,2,2.2
Осложнения,ВН - Технология защиты 1,pf_vn_ProtectionName1,str,,1,2,2.2
Осложнения,ВН - Технология защиты 2,pf_vn_ProtectionName2,str,,1,2,2.2
Осложнения,ВН - Технология защиты 3,pf_vn_ProtectionName3,str,,1,2,2.2
Осложнения,ВН - Технология защиты 4,pf_vn_ProtectionName4,str,,1,2,2.2
Осложнения,ВН - Технология защиты 5,pf_vn_ProtectionName5,str,,1,2,2.2
Расчетные параметры,Внешний (условный) диаметр эксплуатационной колонны (Э/К) в зоне эксплуатации УЭЦН,OuterDiam_mm,float,,1,,
Расчетные параметры,Внутренний диаметр эксплуатационной колонны (Э/К) в зоне эксплуатации УЭЦН,InnerDiam_mm,float,,1,,
Скважинно-пластовые условия,"Время накопления в периодическом режиме, ч",PeriodicityTime_h,float,ч,1,2,2.1
Отказы,Время от последнего ГРП,GRPDaysDiff,float,,2,,
Отказы,Время от последнего ОПЗ,OPZDaysDiff,float,,2,,
Скважинно-пластовые условия,"Время работы в периодическом режиме, ч",PeriodicityWorkTime_h,float,ч,1,2,2.1
Осложнения,ВТ - Защищаемый узел: Кабель,pf_vt_node_Cable,float,,1,2,2.2
Осложнения,"ВТ - Защищаемый узел: Насос (внутренняя, силовая часть)",pf_vt_node_Pump,float,,1,2,2.2
Осложнения,ВТ - Защищаемый узел: Погружной электро двигатель,pf_vt_node_Motor,float,,1,2,2.2
Осложнения,ВТ - Кабель,cf_vt_node_Cable,float,,1,2,2.2
Осложнения,"ВТ - Категория ОФ (1, 2)",cf_vt_category,float,,1,2,2.2
Осложнения,"ВТ - Наличие ОФ ""ВЫСОКАЯ ТЕМПЕРАТУРА ПЛАСТА""",cf_vt,float,,1,2,2.2
Осложнения,"ВТ - Наличие технологии защиты от данного ОФ (да, нет)",pf_vt,float,,1,2,2.2
Осложнения,"ВТ - Насос (внутренняя, силовая часть)",cf_vt_node_Pump,float,,1,2,2.2
Осложнения,ВТ - Погружной электро двигатель,cf_vt_node_Motor,float,,1,2,2.2
Осложнения,ВТ - Технология защиты 1,pf_vt_ProtectionName1,str,,1,2,2.2
Осложнения,ВТ - Технология защиты 2,pf_vt_ProtectionName2,str,,1,2,2.2
Осложнения,ВТ - Технология защиты 3,pf_vt_ProtectionName3,str,,1,2,2.2
Осложнения,ВТ - Технология защиты 4,pf_vt_ProtectionName4,str,,1,2,2.2
Осложнения,ВТ - Технология защиты 5,pf_vt_ProtectionName5,str,,1,2,2.2
Скважинно-пластовые условия,"Входное напряжение в СУ, В",Voltage_V,float,В,1,1,
Скважинно-пластовые условия,Вязкость воды (в пластовых условиях),WaterViscosity_cps,float,сПз,1,3,3.2
Скважинно-пластовые условия,Вязкость жидкости,LiquidViscosity,float,сПз,1,3,3.2
Скважинно-пластовые условия,Вязкость нефти\воды ,OilViscosity_cps,float,сПз,1,3,3.2
Скважинно-пластовые условия,Газовый фактор пласта,ProducingGOR_m3_t,float,м3/т,1,3,3.2
Оборудование,ГЗ/Габаритная группа,ProtectorHydro_Overall_group,str,,1,3,3.1
Оборудование,ГЗ/Диаметр,ProtectorHydro_Diameter,float,м,1,3,3.1
Оборудование,ГЗ/Завод-изготовитель,ProtectorHydro_Manufacturer,str,,1,,
Оборудование,ГЗ/Категория ETT,ProtectorHydro_ETT,str,,1,3,3.1
Оборудование,ГЗ/Ключ гидрозащиты,SK_ModelProtectorHydro,float,,1,,
Оборудование,ГЗ/Марка (модель),ProtectorHydro_Mark,str,,1,3,3.1
Оборудование,"ГЗ/Признак (нов, рем)",ProtectorHydro_EquipPropName,str,,1,3,3.1
Скважинно-пластовые условия,Глубина до верхних отверстий перфораций,PerfDepth_m,float,м,1,3,3.2
Скважинно-пластовые условия,"Глубина спуска насоса, м",PumpDepth_m,float,м,1,3,3.1
Скважинно-пластовые условия,Глубина текущего забоя,BottomDepth_m,float,м,2,3,3.2
Осложнения,ГО - Затрубное пространство,cf_go_node_Annulus,float,,1,2,2.2
Осложнения,ГО - Защищаемый узел: Затрубное пространство,pf_go_node_Annulus,float,,1,2,2.2
Осложнения,"ГО - Защищаемый узел: НКТ (внутренняя поверхность, тело)",pf_go_node_NKT_body,float,,1,2,2.2
Осложнения,"ГО - Категория ОФ (1, 2)",cf_go_category,float,,1,2,2.2
Осложнения,"ГО - Наличие ОФ ""ГАЗОГИДРАТНЫЕ ОТЛОЖЕНИЯ""",cf_go,float,,1,2,2.2
Осложнения,"ГО - Наличие технологии защиты от данного ОФ (да, нет)",pf_go,float,,1,2,2.2
Осложнения,"ГО - НКТ (внутренняя поверхность, тело)",cf_go_node_NKT_body,float,,1,2,2.2
Осложнения,ГО - Технология защиты 1,pf_go_ProtectionName1,str,,1,2,2.2
Осложнения,ГО - Технология защиты 2,pf_go_ProtectionName2,str,,1,2,2.2
Осложнения,ГО - Технология защиты 3,pf_go_ProtectionName3,str,,1,2,2.2
Осложнения,ГО - Технология защиты 4,pf_go_ProtectionName4,str,,1,2,2.2
Осложнения,ГО - Технология защиты 5,pf_go_ProtectionName5,str,,1,2,2.2
Оборудование,ГС/Габаритная группа,Separator_Overall_group,str,,1,3,3.1
Оборудование,ГС/Диаметр,Separator_Diameter,float,м,1,3,3.1
Оборудование,ГС/Категория ETT,Separator_ETT,str,,1,3,3.1
Оборудование,ГС/Ключ газосепаратора,SK_Separators,float,,1,,
Оборудование,ГС/Марка (модель),Separator_Mark,str,,1,3,3.1
Оборудование,ГС/Наличие газосепаратора,With_Separator,int,,1,3,3.1
Оборудование,"ГС/Признак (нов, рем)",Separator_EquipPropName,str,,1,3,3.1
Оборудование,ГС/Производитель,Separator_Manufacturer,str,,1,3,3.1
Оборудование,ГС/Пропускная способность,Separator_MaxLiquidRate,float,м3/сут,1,3,3.1
Скважинно-пластовые условия,Давление на приеме,PumpIntakePressure_atm,float,,3,,
Скважинно-пластовые условия,Давление насыщения,BubblePointPressure_atm,float,атм,1,3,3.2
Скважинно-пластовые условия,"Давление пластовое, атм",ReservoirPressure_atm,float,атм,1,2,2.2
Скважинно-пластовые условия,Дата окончания ТР,SK_ConfirmDateStart,str,,3,,
,Дата отказа (только в обучающей выборке),FailureDate,str,,,,
Отказы,Дата отказа 1,Failure1_Calendar,str,,2,,
Отказы,Дата отказа 2,Failure2_Calendar,str,,2,,
Отказы,Дата отказа 3,Failure3_Calendar,str,,2,,
Отказы,Дата отказа 4,Failure4_Calendar,str,,2,,
Отказы,Дата отказа 5,Failure5_Calendar,str,,2,,
Отказы,Дата отказа 6,Failure6_Calendar,str,,2,,
Отказы,Дата отказа 7,Failure7_Calendar,str,,2,,
Отказы,Дата последнего старта скважины ,lastStartDate,str,,2,,
Скважинно-пластовые условия,Дата предыдущего ремонта скважины,LastGTMDate,str,,2,,
Скважинно-пластовые условия,Дебит жидкости,LiquidRate_m3_d,float,,3,,
Скважинно-пластовые условия,Дебит жидкости,LiquidRate_t_d,float,,3,,
Скважинно-пластовые условия,Дебит нефти,OilRate_t_d,float,,3,,
Отказы,Детальная причина отказа 1,Failure1_RootCause,str,,2,,
Отказы,Детальная причина отказа 2,Failure2_RootCause,str,,2,,
Отказы,Детальная причина отказа 3,Failure3_RootCause,str,,2,,
Отказы,Детальная причина отказа 4,Failure4_RootCause,str,,2,,
Отказы,Детальная причина отказа 5,Failure5_RootCause,str,,2,,
Отказы,Детальная причина отказа 6,Failure6_RootCause,str,,2,,
Отказы,Детальная причина отказа 7,Failure7_RootCause,str,,2,,
Скважинно-пластовые условия,"Диаметр НКТ, мм",TubingOD_mm,float,мм,1,3,3.1
Скважинно-пластовые условия,"Диаметр хвостовика, мм",PipeDiameter_mm,float,мм,4,3,3.2
Скважинно-пластовые условия,Диаметр ЭК,CasingDiameter_mm,float,мм,1,3,3.2
Скважинно-пластовые условия,Динамический уровень,DynamicLevel_m,float,,3,,
Расчетные параметры,Длина УЭЦН,Length_ESP,float,,1,,
Скважинно-пластовые условия,"Длина хвостовика, м",PipeLength_m,float,м,4,3,3.2
,Дней до отказа (только в обучающей выборке),daysToFailure,int,,,,
,Дней с последнего старта скважины,daysFromLastStart,int,,,,
ХАЛ,Жесткость общая,LiquidHardness,float,,1,3,3.2
Скважинно-пластовые условия,Забой искусственный,BottomArtificial_m,float,м,5,3,3.3
Скважинно-пластовые условия,Забой пробуренный,BottomDrilled_m,float,м,5,3,3.3
Скважинно-пластовые условия,Забойное давление,WellFlowPressure_atm,float,атм,1,1,
Расчетные параметры,Зазор между внутренним диаметром Э/К и диаметром ПЭД,GapInnerMotor_mm,float,,1,,
Расчетные параметры,Зазор между внутренним диаметром Э/К и диаметром ЭЦН ,GapInnerESP_mm,float,,1,,
Замеры,ЗамерыМРМ/Активная мощность,MeasureMRM253,float,кВт,1,2,2.1
Замеры,ЗамерыМРМ/Активная мощность (ТМ),MeasureMRM259,float,кВт,1,1,
Замеры,ЗамерыМРМ/Активная энергия (ТМ),MeasureMRM511,float,кВт,,2,2.2
Замеры,ЗамерыМРМ/Вибрация,MeasureMRM155,float,м/с2,1,2,2.1
Замеры,ЗамерыМРМ/Вибрация (ТМ) ,MeasureMRM216,float,м/с2,1,1,
Замеры,ЗамерыМРМ/Газовый фактор,MeasureMRM62,float,м3/т,5,3,3.2
Замеры,ЗамерыМРМ/Газовый фактор (ТМ),MeasureMRM205,float,м3/т,5,1,
Замеры,ЗамерыМРМ/Давление буферное,MeasureMRM7,float,атм,1,2,2.1
Замеры,ЗамерыМРМ/Давление буферное (ТМ),MeasureMRM184,float,атм,3,1,
Замеры,ЗамерыМРМ/Давление в линии,MeasureMRM8,float,атм,2,2,2.1
Замеры,ЗамерыМРМ/Давление включения АПВ ,MeasureMRM290,float,атм,1,2,2.1
Замеры,ЗамерыМРМ/Давление забойное расчетное,MeasureMRM208,float,атм,1,2,2.1
Замеры,ЗамерыМРМ/Давление затрубное,MeasureMRM5,float,атм,1,2,2.1
Замеры,ЗамерыМРМ/Давление затрубное (ТМ),MeasureMRM141,float,атм,3,1,
Замеры,ЗамерыМРМ/Давление затрубное при статическом уровне,MeasureMRM19,float,атм,3,2,2.1
Замеры,ЗамерыМРМ/Давление линейное (ТМ),MeasureMRM142,float,атм,3,1,
Замеры,ЗамерыМРМ/Давление межколонное,MeasureMRM73,float,атм,1,2,2.1
Замеры,ЗамерыМРМ/Давление на выходе насоса,MeasureMRM238,float,атм,1,2,2.1
Замеры,ЗамерыМРМ/Давление на ГЗУ,MeasureMRM206,float,атм,3,2,2.1
Замеры,ЗамерыМРМ/Давление на приеме насоса,MeasureMRM57,float,атм,1,2,2.1
Замеры,ЗамерыМРМ/Давление на приеме насоса (ТМ),MeasureMRM188,float,атм,1,1,
Замеры,ЗамерыМРМ/Давление отключения АПВ ,MeasureMRM291,float,атм,1,2,2.1
Замеры,ЗамерыМРМ/Дебит газа,MeasureMRM69,float,м3/сут,1,1,
Замеры,ЗамерыМРМ/Дебит газа (ТМ),MeasureMRM204,float,м3/сут,2,1,
Замеры,ЗамерыМРМ/Дебит жидкости,MeasureMRM122,float,м3/сут,5,1,
Замеры,ЗамерыМРМ/Дебит жидкости (ТМ),MeasureMRM12,float,м3/сут,2,1,
Замеры,ЗамерыМРМ/Дебит жидкости ПЗУ,MeasureMRM226,float,м3/сут,1,1,
Замеры,ЗамерыМРМ/Дебит жидкости с БМА,MeasureMRM323,float,м3/сут,5,1,
Замеры,ЗамерыМРМ/Дебит жидкости СКЖ,MeasureMRM547,float,м3/сут,5,1,
Замеры,ЗамерыМРМ/Дебит жидкости среднесуточный,MeasureMRM1,float,м3/сут,2,1,
Замеры,ЗамерыМРМ/Дебит нефти (ТМ),MeasureMRM30,float,т/сут,5,1,
Замеры,ЗамерыМРМ/Дебит нефти расчетный,MeasureMRM4,float,т/сут,2,1,
Замеры,ЗамерыМРМ/Диаметр штуцера,MeasureMRM56,float,мм,2,2,2.1
Замеры,ЗамерыМРМ/Динамический уровень,MeasureMRM6,float,м,1,2,2.1
Замеры,ЗамерыМРМ/Динамический уровень расчетный,MeasureMRM265,float,м,1,2,2.1
Замеры,ЗамерыМРМ/Загрузка (момент) ПЭД,MeasureMRM150,float,%,1,2,2.1
Замеры,ЗамерыМРМ/Загрузка (момент) ПЭД (ТМ),MeasureMRM200,float,%,1,1,
Замеры,ЗамерыМРМ/Напряжение ПЭД (ТМ),MeasureMRM189,float,В,1,2,2.2
Замеры,ЗамерыМРМ/Напряжение ТМПН,MeasureMRM252,float,В,1,3,3.1
Замеры,ЗамерыМРМ/Напряжение ТМПН (ТМ),MeasureMRM330,float,В,1,2,2.2
Замеры,ЗамерыМРМ/Номинальный ток,MeasureMRM58,float,А,1,3,3.1
Замеры,ЗамерыМРМ/Обводненность (ТМ),MeasureMRM33,float,%,5,1,
Замеры,ЗамерыМРМ/Обводненность объемная,MeasureMRM3,float,%,1,1,
Замеры,ЗамерыМРМ/Обводненность с БМА,MeasureMRM326,float,%,5,1,
Замеры,ЗамерыМРМ/Плотность жидкости (ТМ ),MeasureMRM31,float,г/см3,5,1,
Замеры,ЗамерыМРМ/Полная мощность (ТМ),MeasureMRM331,float,кВт,,2,2.2
Замеры,ЗамерыМРМ/Рабочее напряжение,MeasureMRM59,float,В,1,3,3.1
Замеры,ЗамерыМРМ/Сила тока холостого хода,MeasureMRM278,float,А,1,3,3.1
Замеры,ЗамерыМРМ/Сила тока ЭЦН,MeasureMRM16,float,А,1,2,2.1
Замеры,ЗамерыМРМ/Сопротивление изоляции,MeasureMRM60,float,Ом,1,2,2.1
Замеры,ЗамерыМРМ/Сопротивление изоляции (ТМ),MeasureMRM219,float,Ом,1,1,
Замеры,ЗамерыМРМ/Статический уровень жидкости,MeasureMRM18,float,м,3,2,2.1
Замеры,ЗамерыМРМ/Температура двигателя,MeasureMRM164,float,0С,1,2,2.1
Замеры,ЗамерыМРМ/Температура двигателя ЭЦН (ТМ),MeasureMRM187,float,0С,1,1,
Замеры,ЗамерыМРМ/Температура на входе ЭЦН (ТМ),MeasureMRM32,float,0С,1,1,
Замеры,ЗамерыМРМ/Температура на выходе насоса,MeasureMRM237,float,0С,1,2,2.1
Замеры,ЗамерыМРМ/Ток ПЭД (ТМ) ,MeasureMRM143,float,А,1,1,
Замеры,ЗамерыМРМ/Удельный расход электроэнергии,MeasureMRM319,float,кВт/м3,3,2,2.1
Замеры,ЗамерыМРМ/Уставка защиты от срыва подачи (ТМ),MeasureMRM549,float,%,2,2,2.2
Замеры,ЗамерыМРМ/Уставка защиты от срыва подачи максимальное давление на приеме насоса (ТМ),MeasureMRM577,float,атм,,2,2.2
Замеры,ЗамерыМРМ/Уставка максимальной температуры двигателя (ТМ),MeasureMRM719,float,0С,2,2,2.2
Замеры,ЗамерыМРМ/Уставка минимального давления на приеме насоса (ТМ),MeasureMRM550,float,атм,2,2,2.2
Замеры,ЗамерыМРМ/Цикл накопления АПВ,MeasureMRM289,float,мин,1,2,2.1
Замеры,ЗамерыМРМ/Цикл работы АПВ,MeasureMRM288,float,мин,1,2,2.1
Замеры,ЗамерыМРМ/Частота питающей сети двигателя ЭЦН (ТМ) ,MeasureMRM144,float,Гц,1,2,2.2
Замеры,ЗамерыМРМ/Частота тока ЭЦН,MeasureMRM17,float,Гц,1,2,2.1
Замеры,ЗамерыМРМ/Частота турбинного вращения ротора ПЭД (ТМ),MeasureMRM551,float,Гц,3,2,2.2
Замеры,ЗамерыМРМ/Энергопотребление за сут (ТМ) ,MeasureMRM521,float,кВт/сут,3,2,2.2
Замеры,ЗамерыМРМ/Энергопотребление за сутки фактическое,MeasureMRM542,float,кВт/сут,3,2,2.1
Замеры,ЗамерыМРМ/Cos F,MeasureMRM251,float,,1,2,2.1
Замеры,ЗамерыМРМ/Cos F (ТМ),MeasureMRM258,float,,1,1,
Замеры,"ЗамерыОИС/Буферное давление, ат",MeasureOIS16,float,атм,1,1,
Замеры,"ЗамерыОИС/Давление в линии, атм",MeasureOIS26,float,атм,1,1,
Замеры,"ЗамерыОИС/Давление затрубное, атм.",MeasureOIS18,float,атм,1,1,
Замеры,"ЗамерыОИС/Дебит жидкости, м3/сут",MeasureOIS1,float,м3/сут,1,2,2.1
Замеры,"ЗамерыОИС/Дебит нефти, т/сут",MeasureOIS2,float,т/сут,1,2,2.1
Замеры,"ЗамерыОИС/Динамический уровень, м",MeasureOIS21,float,м,1,2,2.1
Замеры,"ЗамерыОИС/Обводненность объемная, %",MeasureOIS3,float,%,1,2,2.1
Скважинно-пластовые условия,Затрубное давление,CasingPressure_atm,float,,3,,
Скважинно-пластовые условия,"ЗУМПФ, м",PerfPerforation_m,float,м,1,3,3.2
Расчетные параметры,Интенсивность кривизны скважины на глубине спуска насоса,CurvRP,float,,1,,
Скважинно-пластовые условия,КВЧ,WeightedParticlesFactor_mg_l,float,,2,,
Оборудование,КЛ/Отрезок1/Группа погружного кабеля,Cable1_Group,float,,1,3,3.1
Оборудование,КЛ/Отрезок1/Категория ЕТТ,Cable1_ETT,str,,1,3,3.1
Оборудование,КЛ/Отрезок1/Коррозионностойкий (признак),Cable1_isCorrosionResist,str,,1,3,3.1
Оборудование,КЛ/Отрезок1/Марка кабеля,Cable1_Mark,str,,1,3,3.1
Оборудование,КЛ/Отрезок1/Материал брони кабеля,Cable1_Armor,str,,1,3,3.1
Оборудование,КЛ/Отрезок1/Материал изоляции,Cable1_Insulation,str,,1,3,3.1
Оборудование,КЛ/Отрезок1/Номер отрезка,Cable1_PositionNum,float,,1,,
Оборудование,КЛ/Отрезок1/Номинальное рабочее напряжение,Cable1_NominalVoltage,str,кВ,1,3,3.1
Оборудование,"КЛ/Отрезок1/Признак (нов, рем)",Cable1_EquipPropName,str,,1,3,3.1
Оборудование,КЛ/Отрезок1/Производитель,Cable1_Manufacturer,str,,1,3,3.1
Оборудование,"КЛ/Отрезок1/Сечение жил, мм2",Cable1_BaseCSA,float,мм2,1,3,3.1
Оборудование,КЛ/Отрезок1/Температурный индекс,Cable1_MaxTemperature,float,0С,1,3,3.1
Оборудование,КЛ/Отрезок1/Удлинитель (признак),Cable1_IsMLE,str,,1,3,3.1
Оборудование,КЛ/Отрезок1/Форма кабеля,Cable1_FormType,str,,1,3,3.1
Оборудование,КЛ/Отрезок2/Группа погружного кабеля,Cable2_Group,float,,1,3,3.1
Оборудование,КЛ/Отрезок2/Категория ЕТТ,Cable2_ETT,str,,1,3,3.1
Оборудование,КЛ/Отрезок2/Коррозионностойкий (признак),Cable2_isCorrosionResist,str,,1,3,3.1
Оборудование,КЛ/Отрезок2/Марка кабеля,Cable2_Mark,str,,1,3,3.1
Оборудование,КЛ/Отрезок2/Материал брони кабеля,Cable2_Armor,str,,1,3,3.1
Оборудование,КЛ/Отрезок2/Материал изоляции,Cable2_Insulation,str,,1,3,3.1
Оборудование,КЛ/Отрезок2/Номер отрезка,Cable2_PositionNum,float,,1,,
Оборудование,КЛ/Отрезок2/Номинальное рабочее напряжение,Cable2_NominalVoltage,str,кВ,1,3,3.1
Оборудование,"КЛ/Отрезок2/Признак (нов, рем)",Cable2_EquipPropName,str,,1,3,3.1
Оборудование,КЛ/Отрезок2/Производитель,Cable2_Manufacturer,str,,1,3,3.1
Оборудование,"КЛ/Отрезок2/Сечение жил, мм2",Cable2_BaseCSA,float,мм2,1,3,3.1
Оборудование,КЛ/Отрезок2/Температурный индекс,Cable2_MaxTemperature,float,0С,1,3,3.1
Оборудование,КЛ/Отрезок2/Удлинитель (признак),Cable2_IsMLE,str,,1,3,3.1
Оборудование,КЛ/Отрезок2/Форма кабеля,Cable2_FormType,str,,1,3,3.1
Оборудование,КЛ/Отрезок3/Группа погружного кабеля,Cable3_Group,float,,1,3,3.1
Оборудование,КЛ/Отрезок3/Категория ЕТТ,Cable3_ETT,str,,1,3,3.1
Оборудование,КЛ/Отрезок3/Коррозионностойкий (признак),Cable3_isCorrosionResist,str,,1,3,3.1
Оборудование,КЛ/Отрезок3/Марка кабеля,Cable3_Mark,str,,1,3,3.1
Оборудование,КЛ/Отрезок3/Материал брони кабеля,Cable3_Armor,str,,1,3,3.1
Оборудование,КЛ/Отрезок3/Материал изоляции,Cable3_Insulation,str,,1,3,3.1
Оборудование,КЛ/Отрезок3/Номер отрезка,Cable3_PositionNum,float,,1,,
Оборудование,КЛ/Отрезок3/Номинальное рабочее напряжение,Cable3_NominalVoltage,str,кВ,1,3,3.1
Оборудование,"КЛ/Отрезок3/Признак (нов, рем)",Cable3_EquipPropName,str,,1,3,3.1
Оборудование,КЛ/Отрезок3/Производитель,Cable3_Manufacturer,str,,1,3,3.1
Оборудование,"КЛ/Отрезок3/Сечение жил, мм2",Cable3_BaseCSA,float,мм2,1,3,3.1
Оборудование,КЛ/Отрезок3/Температурный индекс,Cable3_MaxTemperature,float,0С,1,3,3.1
Оборудование,КЛ/Отрезок3/Удлинитель (признак),Cable3_IsMLE,str,,1,3,3.1
Оборудование,КЛ/Отрезок3/Форма кабеля,Cable3_FormType,str,,1,3,3.1
Оборудование,КЛ/Отрезок4/Группа погружного кабеля,Cable4_Group,float,,1,3,3.1
Оборудование,КЛ/Отрезок4/Категория ЕТТ,Cable4_ETT,str,,1,3,3.1
Оборудование,КЛ/Отрезок4/Коррозионностойкий (признак),Cable4_isCorrosionResist,str,,1,3,3.1
Оборудование,КЛ/Отрезок4/Марка кабеля,Cable4_Mark,str,,1,3,3.1
Оборудование,КЛ/Отрезок4/Материал брони кабеля,Cable4_Armor,str,,1,3,3.1
Оборудование,КЛ/Отрезок4/Материал изоляции,Cable4_Insulation,str,,1,3,3.1
Оборудование,КЛ/Отрезок4/Номер отрезка,Cable4_PositionNum,float,,1,,
Оборудование,КЛ/Отрезок4/Номинальное рабочее напряжение,Cable4_NominalVoltage,str,кВ,1,3,3.1
Оборудование,"КЛ/Отрезок4/Признак (нов, рем)",Cable4_EquipPropName,str,,1,3,3.1
Оборудование,КЛ/Отрезок4/Производитель,Cable4_Manufacturer,str,,1,3,3.1
Оборудование,"КЛ/Отрезок4/Сечение жил, мм2",Cable4_BaseCSA,float,мм2,1,3,3.1
Оборудование,КЛ/Отрезок4/Температурный индекс,Cable4_MaxTemperature,float,0С,1,3,3.1
Оборудование,КЛ/Отрезок4/Удлинитель (признак),Cable4_IsMLE,str,,1,3,3.1
Оборудование,КЛ/Отрезок4/Форма кабеля,Cable4_FormType,str,,1,3,3.1
Оборудование,КЛ/Отрезок5/Группа погружного кабеля,Cable5_Group,float,,1,3,3.1
Оборудование,КЛ/Отрезок5/Категория ЕТТ,Cable5_ETT,str,,1,3,3.1
Оборудование,КЛ/Отрезок5/Коррозионностойкий (признак),Cable5_isCorrosionResist,str,,1,3,3.1
Оборудование,КЛ/Отрезок5/Марка кабеля,Cable5_Mark,str,,1,3,3.1
Оборудование,КЛ/Отрезок5/Материал брони кабеля,Cable5_Armor,str,,1,3,3.1
Оборудование,КЛ/Отрезок5/Материал изоляции,Cable5_Insulation,str,,1,3,3.1
Оборудование,КЛ/Отрезок5/Номер отрезка,Cable5_PositionNum,float,,1,,
Оборудование,КЛ/Отрезок5/Номинальное рабочее напряжение,Cable5_NominalVoltage,str,кВ,1,3,3.1
Оборудование,"КЛ/Отрезок5/Признак (нов, рем)",Cable5_EquipPropName,str,,1,3,3.1
Оборудование,КЛ/Отрезок5/Производитель,Cable5_Manufacturer,str,,1,3,3.1
Оборудование,"КЛ/Отрезок5/Сечение жил, мм2",Cable5_BaseCSA,float,мм2,1,3,3.1
Оборудование,КЛ/Отрезок5/Температурный индекс,Cable5_MaxTemperature,float,0С,1,3,3.1
Оборудование,КЛ/Отрезок5/Удлинитель (признак),Cable5_IsMLE,str,,1,3,3.1
Оборудование,КЛ/Отрезок5/Форма кабеля,Cable5_FormType,str,,1,3,3.1
Оборудование,КЛ/Отрезок6/Группа погружного кабеля,Cable6_Group,float,,1,3,3.1
Оборудование,КЛ/Отрезок6/Категория ЕТТ,Cable6_ETT,str,,1,3,3.1
Оборудование,КЛ/Отрезок6/Коррозионностойкий (признак),Cable6_isCorrosionResist,str,,1,3,3.1
Оборудование,КЛ/Отрезок6/Марка кабеля,Cable6_Mark,str,,1,3,3.1
Оборудование,КЛ/Отрезок6/Материал брони кабеля,Cable6_Armor,str,,1,3,3.1
Оборудование,КЛ/Отрезок6/Материал изоляции,Cable6_Insulation,str,,1,3,3.1
Оборудование,КЛ/Отрезок6/Номинальное рабочее напряжение,Cable6_NominalVoltage,str,кВ,1,3,3.1
Оборудование,"КЛ/Отрезок6/Признак (нов, рем)",Cable6_EquipPropName,str,,1,3,3.1
Оборудование,КЛ/Отрезок6/Производитель,Cable6_Manufacturer,str,,1,3,3.1
Оборудование,"КЛ/Отрезок6/Сечение жил, мм2",Cable6_BaseCSA,float,мм2,1,3,3.1
Оборудование,КЛ/Отрезок6/Температурный индекс,Cable6_MaxTemperature,float,0С,1,3,3.1
Оборудование,КЛ/Отрезок6/Удлинитель (признак),Cable6_IsMLE,str,,1,3,3.1
Оборудование,КЛ/Отрезок6/Форма кабеля,Cable6_FormType,str,,1,3,3.1
Оборудование,КЛ/Отрезок7/Группа погружного кабеля,Cable7_Group,float,,1,3,3.1
Оборудование,КЛ/Отрезок7/Категория ЕТТ,Cable7_ETT,str,,1,3,3.1
Оборудование,КЛ/Отрезок7/Коррозионностойкий (признак),Cable7_isCorrosionResist,str,,1,3,3.1
Оборудование,КЛ/Отрезок7/Марка кабеля,Cable7_Mark,str,,1,3,3.1
Оборудование,КЛ/Отрезок7/Материал брони кабеля,Cable7_Armor,str,,1,3,3.1
Оборудование,КЛ/Отрезок7/Материал изоляции,Cable7_Insulation,str,,1,3,3.1
Оборудование,КЛ/Отрезок7/Номер отрезка,Cable6_PositionNum,float,,1,,
Оборудование,КЛ/Отрезок7/Номер отрезка,Cable7_PositionNum,float,,1,,
Оборудование,КЛ/Отрезок7/Номинальное рабочее напряжение,Cable7_NominalVoltage,str,кВ,1,3,3.1
Оборудование,"КЛ/Отрезок7/Признак (нов, рем)",Cable7_EquipPropName,str,,1,3,3.1
Оборудование,КЛ/Отрезок7/Производитель,Cable7_Manufacturer,str,,1,3,3.1
Оборудование,"КЛ/Отрезок7/Сечение жил, мм2",Cable7_BaseCSA,float,мм2,1,3,3.1
Оборудование,КЛ/Отрезок7/Температурный индекс,Cable7_MaxTemperature,float,0С,1,3,3.1
Оборудование,КЛ/Отрезок7/Удлинитель (признак),Cable7_IsMLE,str,,1,3,3.1
Оборудование,КЛ/Отрезок7/Форма кабеля,Cable7_FormType,str,,1,3,3.1
Оборудование,КЛ/Отрезок8/Группа погружного кабеля,Cable8_Group,float,,1,3,3.1
Оборудование,КЛ/Отрезок8/Категория ЕТТ,Cable8_ETT,str,,1,3,3.1
Оборудование,КЛ/Отрезок8/Коррозионностойкий (признак),Cable8_isCorrosionResist,str,,1,3,3.1
Оборудование,КЛ/Отрезок8/Марка кабеля,Cable8_Mark,str,,1,3,3.1
Оборудование,КЛ/Отрезок8/Материал брони кабеля,Cable8_Armor,str,,1,3,3.1
Оборудование,КЛ/Отрезок8/Материал изоляции,Cable8_Insulation,str,,1,3,3.1
Оборудование,КЛ/Отрезок8/Номер отрезка,Cable8_PositionNum,float,,1,,
Оборудование,КЛ/Отрезок8/Номинальное рабочее напряжение,Cable8_NominalVoltage,str,кВ,1,3,3.1
Оборудование,"КЛ/Отрезок8/Признак (нов, рем)",Cable8_EquipPropName,str,,1,3,3.1
Оборудование,КЛ/Отрезок8/Производитель,Cable8_Manufacturer,str,,1,3,3.1
Оборудование,"КЛ/Отрезок8/Сечение жил, мм2",Cable8_BaseCSA,float,мм2,1,3,3.1
Оборудование,КЛ/Отрезок8/Температурный индекс,Cable8_MaxTemperature,float,0С,1,3,3.1
Оборудование,КЛ/Отрезок8/Удлинитель (признак),Cable8_IsMLE,str,,1,3,3.1
Оборудование,КЛ/Отрезок8/Форма кабеля,Cable8_FormType,str,,1,3,3.1
Скважинно-пластовые условия,Ключ календаря,SK_Calendar,str,,1,,
Оборудование,Ключ монтажа,SK_Mounts,float,,2,,
Скважинно-пластовые условия,Ключ скважины,SK_Well,str,,1,,
ХАЛ,Количество взвешенных частиц,TSP,float,мг/л,1,2,2.2
Отказы,Количество ГРП,GRPCount,int,,2,,
Отказы,Количество ОПЗ,OPZCount,int,,2,,
Отказы,Количество отказов после предыдущего ремонта,FailuresCountFromLastWellWork,int,,2,,
Скважинно-пластовые условия,Количество пластов,LayerCount,int,,3,,
Скважинно-пластовые условия,Концевая точка по воде,WaterEndPoint,float,,3,3,3.2
Скважинно-пластовые условия,Косинус фи,CosF,float,,1,1,
Скважинно-пластовые условия,Коэффициент подачи,PumpDeliveryRate_pct,float,д.ед.,1,1,
Скважинно-пластовые условия,Куст,Cluster,str,,1,,
Осложнения,"КФ - Защищаемый узел: Насос (внутренняя, силовая часть)",pf_kf_node_Pump,float,,1,2,2.2
Осложнения,"КФ - Защищаемый узел: НКТ (внутренняя поверхность, тело)",pf_kf_node_NKT_body,float,,1,2,2.2
Осложнения,КФ - Защищаемый узел: НКТ (ниппельная часть и муфта),pf_kf_node_NKT_coupling,float,,1,2,2.2
Осложнения,КФ - Защищаемый узел: Погружной электро двигатель,pf_kf_node_Motor,float,,1,2,2.2
Осложнения,"КФ - Категория ОФ (1, 2)",cf_kf_category,float,,1,2,2.2
Осложнения,"КФ - Наличие ОФ ""КОРРОЗИОННАЯ АГРЕСИВНОСТЬ""",cf_kf,float,,1,2,2.2
Осложнения,"КФ - Наличие технологии защиты от данного ОФ (да, нет)",pf_kf,float,,1,2,2.2
Осложнения,"КФ - Насос (внутренняя, силовая часть)",cf_kf_node_Pump,float,,1,2,2.2
Осложнения,"КФ - НКТ (внутренняя поверхность, тело)",cf_kf_node_NKT_body,float,,1,2,2.2
Осложнения,КФ - НКТ (ниппельная часть и муфта),cf_kf_node_NKT_coupling,float,,1,2,2.2
Осложнения,КФ - Погружной электро двигатель,cf_kf_node_Motor,float,,1,2,2.2
Осложнения,КФ - Технология защиты 1,pf_kf_ProtectionName1,str,,1,2,2.2
Осложнения,КФ - Технология защиты 2,pf_kf_ProtectionName2,str,,1,2,2.2
Осложнения,КФ - Технология защиты 3,pf_kf_ProtectionName3,str,,1,2,2.2
Осложнения,КФ - Технология защиты 4,pf_kf_ProtectionName4,str,,1,2,2.2
Осложнения,КФ - Технология защиты 5,pf_kf_ProtectionName5,str,,1,2,2.2
Осложнения,КФ - Тип ОФ: Сероводородная коррозия,cf_kf_H2S,float,,1,2,2.2
Осложнения,КФ - Тип ОФ: Смешанная коррозия,cf_kf_CO2_H2S,float,,1,2,2.2
Осложнения,КФ - Тип ОФ: Углекислотная коррозия,cf_kf_CO2,float,,1,2,2.2
Скважинно-пластовые условия,Линейное давление,FlowlinePressure_atm,float,,3,,
Расчетные параметры,Максимальная интенсивность искривления на интервале спуска (нахождения) УЭЦН,MaxCurvRP,float,,1,,
Скважинно-пластовые условия,Марка (тип) ПЭД,DesignTypeName,str,,1,3,3.1
Скважинно-пластовые условия,Марка ЭЦН,SourcePumpType,str,,1,3,3.1
Скважинно-пластовые условия,Месторождение,OilfieldName,str,,1,,
ХАЛ,"Минерализация, г/л",Mineralization_mg_l,float,мг/л,1,3,3.2
Отказы,Монтаж оборудования на момент отказа 1,Failure1_Mounts,float,,2,,
Отказы,Монтаж оборудования на момент отказа 2,Failure2_Mounts,float,,2,,
Отказы,Монтаж оборудования на момент отказа 3,Failure3_Mounts,float,,2,,
Отказы,Монтаж оборудования на момент отказа 4,Failure4_Mounts,float,,2,,
Отказы,Монтаж оборудования на момент отказа 5,Failure5_Mounts,float,,2,,
Отказы,Монтаж оборудования на момент отказа 6,Failure6_Mounts,float,,2,,
Отказы,Монтаж оборудования на момент отказа 7,Failure7_Mounts,float,,2,,
Отказы,МОП мероприятий для борьбы с осложнениями,MOP,str,,1,,
Скважинно-пластовые условия,Мощность перфорированная,PerfThickness_m,float,м,3,3,3.2
Скважинно-пластовые условия,Мощность ПЭД,MotorPower,float,кВт,1,3,3.1
Осложнения,"МП - Защищаемый узел: Насос (внутренняя, силовая часть)",pf_mp_node_Pump,float,,1,2,2.2
Осложнения,"МП - Категория ОФ (1, 2)",cf_mp_category,float,,1,2,2.2
Осложнения,"МП - Наличие ОФ ""МЕХАНИЧЕСКИЕ ПРИМЕСИ""",cf_mp,float,,1,2,2.2
Осложнения,"МП - Наличие технологии защиты от данного ОФ (да, нет)",pf_mp,float,,1,2,2.2
Осложнения,МП - Технология защиты 1,pf_mp_ProtectionName1,str,,1,2,2.2
Осложнения,МП - Технология защиты 2,pf_mp_ProtectionName2,str,,1,2,2.2
Осложнения,МП - Технология защиты 3,pf_mp_ProtectionName3,str,,1,2,2.2
Осложнения,МП - Технология защиты 4,pf_mp_ProtectionName4,str,,1,2,2.2
Осложнения,МП - Технология защиты 5,pf_mp_ProtectionName5,str,,1,2,2.2
Осложнения,МП - Тип ОФ: Глины,cf_mp_Clay,float,,1,2,2.2
Осложнения,МП - Тип ОФ: Песок (горная порода),cf_mp_Sand,float,,1,2,2.2
Осложнения,МП - Тип ОФ: Продукты коррозии (оксиды и гидроксиды железа),cf_mp_Corrosion,float,,1,2,2.2
Осложнения,МП - Тип ОФ: Проппант,cf_mp_Proppant,float,,1,2,2.2
Осложнения,"МП - Узел подверженный ОФ: Насос (внутренняя, силовая часть)",cf_mp_node_Pump,float,,1,2,2.2
Скважинно-пластовые условия,Наименование пласта (ключи через ;),SKLayers,str,,1,,
Скважинно-пластовые условия,Наименование работ по предыдущему ремонту скважины,LastGTMName,str,,1,3,3.2
Скважинно-пластовые условия,Наименование региона,RegionName,str,,1,,
Скважинно-пластовые условия,Наименование цеха,WorkshopName,str,,1,,
Скважинно-пластовые условия,Напор ЭЦН,ESPHead_m,float,м,1,3,3.1
Скважинно-пластовые условия,"Напряжение в ТМПН, В",TMPNVoltage_V,float,В,1,1,
Отказы,Наработка на момент отказа 1,Failure1_TTF,float,,2,,
Отказы,Наработка на момент отказа 2,Failure2_TTF,float,,2,,
Отказы,Наработка на момент отказа 3,Failure3_TTF,float,,2,,
Отказы,Наработка на момент отказа 4,Failure4_TTF,float,,2,,
Отказы,Наработка на момент отказа 5,Failure5_TTF,float,,2,,
Отказы,Наработка на момент отказа 6,Failure6_TTF,float,,2,,
Отказы,Наработка на момент отказа 7,Failure7_TTF,float,,2,,
Оборудование,Насос/Секция1/Вал (материал),ESP1_Subgroup,str,,1,,
Оборудование,Насос/Секция1/Габаритная группа,ESP1_Overall_group,str,,1,3,3.1
Оборудование,Насос/Секция1/Диаметр,ESP1_Diameter,float,м,1,3,3.1
Оборудование,Насос/Секция1/Категория ЕТТ,ESP1_ETT,str,,1,3,3.1
Оборудование,Насос/Секция1/Кол-во ступеней в секции,ESP1_StageCount,float,шт.,1,3,3.1
Оборудование,Насос/Секция1/Макс.ном.КПД,ESP1_MaxEfficiency,float,%,1,3,3.1
Оборудование,Насос/Секция1/Марка(модель),ESP1_Mark,str,,1,3,3.1
Оборудование,Насос/Секция1/Напор,ESP1_Pressure_m,float,м,1,3,3.1
Оборудование,Насос/Секция1/Номер секции,ESP1_ESPPositionNum,float,,1,,
Оборудование,Насос/Секция1/Подача,ESP1_Feeding_m3_day,float,м3/сут,1,3,3.1
Оборудование,"Насос/Секция1/Признак (нов, рем)",ESP1_EquipPropName,str,,1,3,3.1
Оборудование,Насос/Секция1/Производитель,ESP1_Manufacturer,str,,1,3,3.1
Оборудование,Насос/Секция1/Тип сборки,ESP1_Build_type,str,,1,3,3.1
Оборудование,Насос/Секция10/Вал (материал),ESP10_Subgroup,str,,1,,
Оборудование,Насос/Секция10/Габаритная группа,ESP10_Overall_group,str,,1,3,3.1
Оборудование,Насос/Секция10/Диаметр,ESP10_Diameter,float,м,1,3,3.1
Оборудование,Насос/Секция10/Категория ЕТТ,ESP10_ETT,str,,1,3,3.1
Оборудование,Насос/Секция10/Кол-во ступеней в секции,ESP10_StageCount,float,шт.,1,3,3.1
Оборудование,Насос/Секция10/Макс.ном.КПД,ESP10_MaxEfficiency,float,%,1,3,3.1
Оборудование,Насос/Секция10/Марка(модель),ESP10_Mark,str,,1,3,3.1
Оборудование,Насос/Секция10/Напор,ESP10_Pressure_m,float,м,1,3,3.1
Оборудование,Насос/Секция10/Номер секции,ESP10_ESPPositionNum,float,,1,,
Оборудование,Насос/Секция10/Подача,ESP10_Feeding_m3_day,float,м3/сут,1,3,3.1
Оборудование,"Насос/Секция10/Признак (нов, рем)",ESP10_EquipPropName,str,,1,3,3.1
Оборудование,Насос/Секция10/Производитель,ESP10_Manufacturer,str,,1,3,3.1
Оборудование,Насос/Секция10/Тип сборки,ESP10_Build_type,str,,1,3,3.1
Оборудование,Насос/Секция2/Вал (материал),ESP2_Subgroup,str,,1,,
Оборудование,Насос/Секция2/Габаритная группа,ESP2_Overall_group,str,,1,3,3.1
Оборудование,Насос/Секция2/Диаметр,ESP2_Diameter,float,м,1,3,3.1
Оборудование,Насос/Секция2/Категория ЕТТ,ESP2_ETT,str,,1,3,3.1
Оборудование,Насос/Секция2/Кол-во ступеней в секции,ESP2_StageCount,float,шт.,1,3,3.1
Оборудование,Насос/Секция2/Макс.ном.КПД,ESP2_MaxEfficiency,float,%,1,3,3.1
Оборудование,Насос/Секция2/Марка(модель),ESP2_Mark,str,,1,3,3.1
Оборудование,Насос/Секция2/Напор,ESP2_Pressure_m,float,м,1,3,3.1
Оборудование,Насос/Секция2/Номер секции,ESP2_ESPPositionNum,float,,1,,
Оборудование,Насос/Секция2/Подача,ESP2_Feeding_m3_day,float,м3/сут,1,3,3.1
Оборудование,"Насос/Секция2/Признак (нов, рем)",ESP2_EquipPropName,str,,1,3,3.1
Оборудование,Насос/Секция2/Производитель,ESP2_Manufacturer,str,,1,3,3.1
Оборудование,Насос/Секция2/Тип сборки,ESP2_Build_type,str,,1,3,3.1
Оборудование,Насос/Секция3/Вал (материал),ESP3_Subgroup,str,,1,,
Оборудование,Насос/Секция3/Габаритная группа,ESP3_Overall_group,str,,1,3,3.1
Оборудование,Насос/Секция3/Диаметр,ESP3_Diameter,float,м,1,3,3.1
Оборудование,Насос/Секция3/Категория ЕТТ,ESP3_ETT,str,,1,3,3.1
Оборудование,Насос/Секция3/Кол-во ступеней в секции,ESP3_StageCount,float,шт.,1,3,3.1
Оборудование,Насос/Секция3/Макс.ном.КПД,ESP3_MaxEfficiency,float,%,1,3,3.1
Оборудование,Насос/Секция3/Марка(модель),ESP3_Mark,str,,1,3,3.1
Оборудование,Насос/Секция3/Напор,ESP3_Pressure_m,float,м,1,3,3.1
Оборудование,Насос/Секция3/Номер секции,ESP3_ESPPositionNum,float,,1,,
Оборудование,Насос/Секция3/Подача,ESP3_Feeding_m3_day,float,м3/сут,1,3,3.1
Оборудование,"Насос/Секция3/Признак (нов, рем)",ESP3_EquipPropName,str,,1,3,3.1
Оборудование,Насос/Секция3/Производитель,ESP3_Manufacturer,str,,1,3,3.1
Оборудование,Насос/Секция3/Тип сборки,ESP3_Build_type,str,,1,3,3.1
Оборудование,Насос/Секция4/Вал (материал),ESP4_Subgroup,str,,1,,
Оборудование,Насос/Секция4/Габаритная группа,ESP4_Overall_group,str,,1,3,3.1
Оборудование,Насос/Секция4/Диаметр,ESP4_Diameter,float,м,1,3,3.1
Оборудование,Насос/Секция4/Категория ЕТТ,ESP4_ETT,str,,1,3,3.1
Оборудование,Насос/Секция4/Кол-во ступеней в секции,ESP4_StageCount,float,шт.,1,3,3.1
Оборудование,Насос/Секция4/Макс.ном.КПД,ESP4_MaxEfficiency,float,%,1,3,3.1
Оборудование,Насос/Секция4/Марка(модель),ESP4_Mark,str,,1,3,3.1
Оборудование,Насос/Секция4/Напор,ESP4_Pressure_m,float,м,1,3,3.1
Оборудование,Насос/Секция4/Номер секции,ESP4_ESPPositionNum,float,,1,,
Оборудование,Насос/Секция4/Подача,ESP4_Feeding_m3_day,float,м3/сут,1,3,3.1
Оборудование,"Насос/Секция4/Признак (нов, рем)",ESP4_EquipPropName,str,,1,3,3.1
Оборудование,Насос/Секция4/Производитель,ESP4_Manufacturer,str,,1,3,3.1
Оборудование,Насос/Секция4/Тип сборки,ESP4_Build_type,str,,1,3,3.1
Оборудование,Насос/Секция5/Вал (материал),ESP5_Subgroup,str,,1,,
Оборудование,Насос/Секция5/Габаритная группа,ESP5_Overall_group,str,,1,3,3.1
Оборудование,Насос/Секция5/Диаметр,ESP5_Diameter,float,м,1,3,3.1
Оборудование,Насос/Секция5/Категория ЕТТ,ESP5_ETT,str,,1,3,3.1
Оборудование,Насос/Секция5/Кол-во ступеней в секции,ESP5_StageCount,float,шт.,1,3,3.1
Оборудование,Насос/Секция5/Макс.ном.КПД,ESP5_MaxEfficiency,float,%,1,3,3.1
Оборудование,Насос/Секция5/Марка(модель),ESP5_Mark,str,,1,3,3.1
Оборудование,Насос/Секция5/Напор,ESP5_Pressure_m,float,м,1,3,3.1
Оборудование,Насос/Секция5/Номер секции,ESP5_ESPPositionNum,float,,1,,
Оборудование,Насос/Секция5/Подача,ESP5_Feeding_m3_day,float,м3/сут,1,3,3.1
Оборудование,"Насос/Секция5/Признак (нов, рем)",ESP5_EquipPropName,str,,1,3,3.1
Оборудование,Насос/Секция5/Производитель,ESP5_Manufacturer,str,,1,3,3.1
Оборудование,Насос/Секция5/Тип сборки,ESP5_Build_type,str,,1,3,3.1
Оборудование,Насос/Секция6/Вал (материал),ESP6_Subgroup,str,,1,,
Оборудование,Насос/Секция6/Габаритная группа,ESP6_Overall_group,str,,1,3,3.1
Оборудование,Насос/Секция6/Диаметр,ESP6_Diameter,float,м,1,3,3.1
Оборудование,Насос/Секция6/Категория ЕТТ,ESP6_ETT,str,,1,3,3.1
Оборудование,Насос/Секция6/Кол-во ступеней в секции,ESP6_StageCount,float,шт.,1,3,3.1
Оборудование,Насос/Секция6/Макс.ном.КПД,ESP6_MaxEfficiency,float,%,1,3,3.1
Оборудование,Насос/Секция6/Марка(модель),ESP6_Mark,str,,1,3,3.1
Оборудование,Насос/Секция6/Напор,ESP6_Pressure_m,float,м,1,3,3.1
Оборудование,Насос/Секция6/Номер секции,ESP6_ESPPositionNum,float,,1,,
Оборудование,Насос/Секция6/Подача,ESP6_Feeding_m3_day,float,м3/сут,1,3,3.1
Оборудование,"Насос/Секция6/Признак (нов, рем)",ESP6_EquipPropName,str,,1,3,3.1
Оборудование,Насос/Секция6/Производитель,ESP6_Manufacturer,str,,1,3,3.1
Оборудование,Насос/Секция6/Тип сборки,ESP6_Build_type,str,,1,3,3.1
Оборудование,Насос/Секция7/Вал (материал),ESP7_Subgroup,str,,1,,
Оборудование,Насос/Секция7/Габаритная группа,ESP7_Overall_group,str,,1,3,3.1
Оборудование,Насос/Секция7/Диаметр,ESP7_Diameter,float,м,1,3,3.1
Оборудование,Насос/Секция7/Категория ЕТТ,ESP7_ETT,str,,1,3,3.1
Оборудование,Насос/Секция7/Кол-во ступеней в секции,ESP7_StageCount,float,шт.,1,3,3.1
Оборудование,Насос/Секция7/Макс.ном.КПД,ESP7_MaxEfficiency,float,%,1,3,3.1
Оборудование,Насос/Секция7/Марка(модель),ESP7_Mark,str,,1,3,3.1
Оборудование,Насос/Секция7/Напор,ESP7_Pressure_m,float,м,1,3,3.1
Оборудование,Насос/Секция7/Номер секции,ESP7_ESPPositionNum,float,,1,,
Оборудование,Насос/Секция7/Подача,ESP7_Feeding_m3_day,float,м3/сут,1,3,3.1
Оборудование,"Насос/Секция7/Признак (нов, рем)",ESP7_EquipPropName,str,,1,3,3.1
Оборудование,Насос/Секция7/Производитель,ESP7_Manufacturer,str,,1,3,3.1
Оборудование,Насос/Секция7/Тип сборки,ESP7_Build_type,str,,1,3,3.1
Оборудование,Насос/Секция8/Вал (материал),ESP8_Subgroup,str,,1,,
Оборудование,Насос/Секция8/Габаритная группа,ESP8_Overall_group,str,,1,3,3.1
Оборудование,Насос/Секция8/Диаметр,ESP8_Diameter,float,м,1,3,3.1
Оборудование,Насос/Секция8/Категория ЕТТ,ESP8_ETT,str,,1,3,3.1
Оборудование,Насос/Секция8/Кол-во ступеней в секции,ESP8_StageCount,float,шт.,1,3,3.1
Оборудование,Насос/Секция8/Макс.ном.КПД,ESP8_MaxEfficiency,float,%,1,3,3.1
Оборудование,Насос/Секция8/Марка(модель),ESP8_Mark,str,,1,3,3.1
Оборудование,Насос/Секция8/Напор,ESP8_Pressure_m,float,м,1,3,3.1
Оборудование,Насос/Секция8/Номер секции,ESP8_ESPPositionNum,float,,1,,
Оборудование,Насос/Секция8/Подача,ESP8_Feeding_m3_day,float,м3/сут,1,3,3.1
Оборудование,"Насос/Секция8/Признак (нов, рем)",ESP8_EquipPropName,str,,1,3,3.1
Оборудование,Насос/Секция8/Производитель,ESP8_Manufacturer,str,,1,3,3.1
Оборудование,Насос/Секция8/Тип сборки,ESP8_Build_type,str,,1,3,3.1
Оборудование,Насос/Секция9/Вал (материал),ESP9_Subgroup,str,,1,,
Оборудование,Насос/Секция9/Габаритная группа,ESP9_Overall_group,str,,1,3,3.1
Оборудование,Насос/Секция9/Диаметр,ESP9_Diameter,float,м,1,3,3.1
Оборудование,Насос/Секция9/Категория ЕТТ,ESP9_ETT,str,,1,3,3.1
Оборудование,Насос/Секция9/Кол-во ступеней в секции,ESP9_StageCount,float,шт.,1,3,3.1
Оборудование,Насос/Секция9/Макс.ном.КПД,ESP9_MaxEfficiency,float,%,1,3,3.1
Оборудование,Насос/Секция9/Марка(модель),ESP9_Mark,str,,1,3,3.1
Оборудование,Насос/Секция9/Напор,ESP9_Pressure_m,float,м,1,3,3.1
Оборудование,Насос/Секция9/Номер секции,ESP9_ESPPositionNum,float,,1,,
Оборудование,Насос/Секция9/Подача,ESP9_Feeding_m3_day,float,м3/сут,1,3,3.1
Оборудование,"Насос/Секция9/Признак (нов, рем)",ESP9_EquipPropName,str,,1,3,3.1
Оборудование,Насос/Секция9/Производитель,ESP9_Manufacturer,str,,1,3,3.1
Оборудование,Насос/Секция9/Тип сборки,ESP9_Build_type,str,,1,3,3.1
Оборудование,НКТ/Секция1/Группа прочности,NKT1_StrengthGrade,str,,1,3,3.1
Оборудование,НКТ/Секция1/Диаметр,NKT1_ConventionalDiameter,float,мм,1,3,3.1
Оборудование,НКТ/Секция1/Количество спуско-подъемных операций,NKT1_CPOCount,float,шт.,1,3,3.1
Оборудование,НКТ/Секция1/Номер секции,NKT1_BoreNumber,float,,1,,
Оборудование,НКТ/Секция1/Покрытие НКТ,NKT1_CoatingType,str,,1,3,3.1
Оборудование,"НКТ/Секция1/Признак (нов, рем)",NKT1_IsNovelty,str,,1,3,3.1
Оборудование,НКТ/Секция1/Суммарная длина труб для секции,NKT1_TubingLevelLength,float,м,1,3,3.1
Оборудование,НКТ/Секция1/Cуммарное количество труб для секции ,NKT1_TubingCount,float,шт.,1,3,3.1
Оборудование,НКТ/Секция2/Группа прочности,NKT2_StrengthGrade,str,,1,3,3.1
Оборудование,НКТ/Секция2/Диаметр,NKT2_ConventionalDiameter,float,мм,1,3,3.1
Оборудование,НКТ/Секция2/Количество спуско-подъемных операций,NKT2_CPOCount,float,шт.,1,3,3.1
Оборудование,НКТ/Секция2/Номер секции,NKT2_BoreNumber,float,,1,,
Оборудование,НКТ/Секция2/Покрытие НКТ,NKT2_CoatingType,str,,1,3,3.1
Оборудование,"НКТ/Секция2/Признак (нов, рем)",NKT2_IsNovelty,str,,1,3,3.1
Оборудование,НКТ/Секция2/Суммарная длина труб для секции,NKT2_TubingLevelLength,float,м,1,3,3.1
Оборудование,НКТ/Секция2/Cуммарное количество труб для секции ,NKT2_TubingCount,float,шт.,1,3,3.1
Оборудование,НКТ/Секция3/Группа прочности,NKT3_StrengthGrade,str,,1,3,3.1
Оборудование,НКТ/Секция3/Диаметр,NKT3_ConventionalDiameter,float,мм,1,3,3.1
Оборудование,НКТ/Секция3/Количество спуско-подъемных операций,NKT3_CPOCount,float,шт.,1,3,3.1
Оборудование,НКТ/Секция3/Номер секции,NKT3_BoreNumber,float,,1,,
Оборудование,НКТ/Секция3/Покрытие НКТ,NKT3_CoatingType,str,,1,3,3.1
Оборудование,"НКТ/Секция3/Признак (нов, рем)",NKT3_IsNovelty,str,,1,3,3.1
Оборудование,НКТ/Секция3/Суммарная длина труб для секции,NKT3_TubingLevelLength,float,м,1,3,3.1
Оборудование,НКТ/Секция3/Cуммарное количество труб для секции ,NKT3_TubingCount,float,шт.,1,3,3.1
Оборудование,НКТ/Секция4/Группа прочности,NKT4_StrengthGrade,str,,1,3,3.1
Оборудование,НКТ/Секция4/Диаметр,NKT4_ConventionalDiameter,float,мм,1,3,3.1
Оборудование,НКТ/Секция4/Количество спуско-подъемных операций,NKT4_CPOCount,float,шт.,1,3,3.1
Оборудование,НКТ/Секция4/Номер секции,NKT4_BoreNumber,float,,1,,
Оборудование,НКТ/Секция4/Покрытие НКТ,NKT4_CoatingType,str,,1,3,3.1
Оборудование,"НКТ/Секция4/Признак (нов, рем)",NKT4_IsNovelty,str,,1,3,3.1
Оборудование,НКТ/Секция4/Суммарная длина труб для секции,NKT4_TubingLevelLength,float,м,1,3,3.1
Оборудование,НКТ/Секция4/Cуммарное количество труб для секции ,NKT4_TubingCount,float,шт.,1,3,3.1
Оборудование,НКТ/Секция5/Группа прочности,NKT5_StrengthGrade,str,,1,3,3.1
Оборудование,НКТ/Секция5/Диаметр,NKT5_ConventionalDiameter,float,мм,1,3,3.1
Оборудование,НКТ/Секция5/Количество спуско-подъемных операций,NKT5_CPOCount,float,шт.,1,3,3.1
Оборудование,НКТ/Секция5/Номер секции,NKT5_BoreNumber,float,,1,,
Оборудование,НКТ/Секция5/Покрытие НКТ,NKT5_CoatingType,str,,1,3,3.1
Оборудование,"НКТ/Секция5/Признак (нов, рем)",NKT5_IsNovelty,str,,1,3,3.1
Оборудование,НКТ/Секция5/Суммарная длина труб для секции,NKT5_TubingLevelLength,float,м,1,3,3.1
Оборудование,НКТ/Секция5/Cуммарное количество труб для секции ,NKT5_TubingCount,float,шт.,1,3,3.1
Скважинно-пластовые условия,"Обводненность массовая, %",Watercut_t,float,,2,,
Скважинно-пластовые условия,"Обводненность объемная, %",Watercut_m3,float,,2,,
ХАЛ,"Обводненность, %об.",Watercut,float,%,1,2,2.1
Скважинно-пластовые условия,Объемный коэффициент жидкости,LiquidCompressibility,float,м3/м3,1,3,3.2
Оборудование,ОК/Наличие обратного клапана,With_Valve,int,,1,3,3.1
Замеры,ОМ/значение дебита жидкости,LiqRateTM,float,м3/сут,1,1,
Замеры,ОМ/значение дебита нефти,OilRateTM,float,т/сут,1,1,
Замеры,ОМ/значение обводненности,WaterCutTM,float,%,1,1,
Отказы,Отказавший узел для отказа 1,Failure1_FailedUnit,str,,2,,
Отказы,Отказавший узел для отказа 2,Failure2_FailedUnit,str,,2,,
Отказы,Отказавший узел для отказа 3,Failure3_FailedUnit,str,,2,,
Отказы,Отказавший узел для отказа 4,Failure4_FailedUnit,str,,2,,
Отказы,Отказавший узел для отказа 5,Failure5_FailedUnit,str,,2,,
Отказы,Отказавший узел для отказа 6,Failure6_FailedUnit,str,,2,,
Отказы,Отказавший узел для отказа 7,Failure7_FailedUnit,str,,2,,
Отказы,Отказавший элемент для отказа 1,Failure1_FailedElement,str,,2,,
Отказы,Отказавший элемент для отказа 2,Failure2_FailedElement,str,,2,,
Отказы,Отказавший элемент для отказа 3,Failure3_FailedElement,str,,2,,
Отказы,Отказавший элемент для отказа 4,Failure4_FailedElement,str,,2,,
Отказы,Отказавший элемент для отказа 5,Failure5_FailedElement,str,,2,,
Отказы,Отказавший элемент для отказа 6,Failure6_FailedElement,str,,2,,
Отказы,Отказавший элемент для отказа 7,Failure7_FailedElement,str,,2,,
Скважинно-пластовые условия,Пакер/Тип пакера (при наличии),PakerName,str,,3,3,3.2
Расчетные параметры,Пласт1/Добыча жидкости м3/сут,LP1_LiquidRateMER_m3_d,float,,1,,
Расчетные параметры,Пласт1/Доля добычи жидкости по этому пласту,LP1_Share_LiquidRateMER_m3_d,float,,1,,
Расчетные параметры,Пласт1/Код пласта,LP1_SK_Layer,float,,1,,
Расчетные параметры,Пласт2/Добыча жидкости м3/сут,LP2_LiquidRateMER_m3_d,float,,1,,
Расчетные параметры,Пласт2/Доля добычи жидкости по этому пласту,LP2_Share_LiquidRateMER_m3_d,float,,1,,
Расчетные параметры,Пласт2/Код пласта,LP2_SK_Layer,float,,1,,
Расчетные параметры,Пласт3/Добыча жидкости м3/сут,LP3_LiquidRateMER_m3_d,float,,1,,
Расчетные параметры,Пласт3/Доля добычи жидкости по этому пласту,LP3_Share_LiquidRateMER_m3_d,float,,1,,
Расчетные параметры,Пласт3/Код пласта,LP3_SK_Layer,float,,1,,
Расчетные параметры,Пласт4/Добыча жидкости м3/сут,LP4_LiquidRateMER_m3_d,float,,1,,
Расчетные параметры,Пласт4/Доля добычи жидкости по этому пласту,LP4_Share_LiquidRateMER_m3_d,float,,1,,
Расчетные параметры,Пласт4/Код пласта,LP4_SK_Layer,float,,1,,
Расчетные параметры,Пласт5/Добыча жидкости м3/сут,LP5_LiquidRateMER_m3_d,float,,1,,
Расчетные параметры,Пласт5/Доля добычи жидкости по этому пласту,LP5_Share_LiquidRateMER_m3_d,float,,1,,
Расчетные параметры,Пласт5/Код пласта,LP5_SK_Layer,float,,1,,
Скважинно-пластовые условия,Плотность воды,WaterDensity_tpm,float,г/см3,1,3,3.2
Скважинно-пластовые условия,Плотность нефти,OilDensity_t_m3,float,т/м3,1,3,3.2
ХАЛ,"Плотность при 20С, (г/см.3)",Density_g_cm,float,г/см3,1,3,3.2
Скважинно-пластовые условия,Подача ЭЦН,PumpOutput,float,м3/сут,1,3,3.1
Скважинно-пластовые условия,Полное наименование ОГ,AssetFullName,str,,1,,
Оборудование,Последний ремонт на скважине,last_remont_repairType,str,,,,
Скважинно-пластовые условия,"Потенциальный дебит жидкости, м3/сут",LiquidRatePot_m3_d,float,м3/сут,3,2,2.2
Скважинно-пластовые условия,"Потенциальный дебит нефти, т/сут",OilRatePot_t_d,float,т/сут,3,2,2.2
Отказы,Предыдущий месяц,sk_calendarprevmonth,str,,3,,
Отказы,Признак влияния ОФ на отказ 1,Failure1_ProdProblemType,str,,2,,
Отказы,Признак влияния ОФ на отказ 2,Failure2_ProdProblemType,str,,2,,
Отказы,Признак влияния ОФ на отказ 3,Failure3_ProdProblemType,str,,2,,
Отказы,Признак влияния ОФ на отказ 4,Failure4_ProdProblemType,str,,2,,
Отказы,Признак влияния ОФ на отказ 5,Failure5_ProdProblemType,str,,2,,
Отказы,Признак влияния ОФ на отказ 6,Failure6_ProdProblemType,str,,2,,
Отказы,Признак влияния ОФ на отказ 7,Failure7_ProdProblemType,str,,2,,
Скважинно-пластовые условия,Признак неустановившегося режима,isNonStable,int,,1,3,3.1
Скважинно-пластовые условия,Признак неустановившегося режима,isORE,int,,1,3,3.2
Скважинно-пластовые условия,Признак ЧРФ,RangeFailures,float,,1,2,2.2
Расчетные параметры,"Принадлежность к группе дебита >1000 м3/сут (да, нет)",LiquidRate_1000,int,,3,,
Расчетные параметры,"Принадлежность к группе дебита 0-50 м3/сут (да, нет)",LiquidRate_0_50,int,,3,,
Расчетные параметры,"Принадлежность к группе дебита 125-300 м3/сут (да, нет)",LiquidRate_125_300,int,,3,,
Расчетные параметры,"Принадлежность к группе дебита 300-500 м3/сут (да, нет)",LiquidRate_300_500,int,,3,,
Расчетные параметры,"Принадлежность к группе дебита 50-125 м3/сут (да, нет)",LiquidRate_50_125,int,,3,,
Расчетные параметры,"Принадлежность к группе дебита 500-1000 м3/сут (да, нет)",LiquidRate_500_1000,int,,3,,
Отказы,Причина отказа для отказа 1,Failure1_CulpritCause,str,,2,,
Отказы,Причина отказа для отказа 2,Failure2_CulpritCause,str,,2,,
Отказы,Причина отказа для отказа 3,Failure3_CulpritCause,str,,2,,
Отказы,Причина отказа для отказа 4,Failure4_CulpritCause,str,,2,,
Отказы,Причина отказа для отказа 5,Failure5_CulpritCause,str,,2,,
Отказы,Причина отказа для отказа 6,Failure6_CulpritCause,str,,2,,
Отказы,Причина отказа для отказа 7,Failure7_CulpritCause,str,,2,,
Расчетные параметры,"Прогиб установки, вызванный искривлением скважины (мм/10м)",Deflection,float,,1,,
Скважинно-пластовые условия,ПЭД I ном,PumpCurrentNominal,float,А,1,3,3.1
Оборудование,ПЭД/Секция1/Габаритная группа,Motor1_Overall_group,str,,1,3,3.1
Оборудование,ПЭД/Секция1/Группа электродвигателя,Motor1_MotorGroup,float,,1,3,3.1
Оборудование,ПЭД/Секция1/Диаметр,Motor1_MotorDiameter,float,м,1,3,3.1
Оборудование,ПЭД/Секция1/Завод-изготовитель,Motor1_Manufacturer,str,,1,3,3.1
Оборудование,ПЭД/Секция1/Категория ЕТТ,Motor1_MotorETT,str,,1,3,3.1
Оборудование,ПЭД/Секция1/Количество пар полюсов,Motor1_PoleTwinCount,float,шт.,1,3,3.1
Оборудование,ПЭД/Секция1/Количество секций,Motor1_MotorsCount,float,шт.,1,3,3.1
Оборудование,ПЭД/Секция1/Коррозионностойкое исполнение,Motor1_NameResist,str,,1,3,3.1
Оборудование,ПЭД/Секция1/Максимальная температура среды,Motor1_MaxMotorTemperature,float,0С,1,3,3.1
Оборудование,ПЭД/Секция1/Марка(модель),Motor1_Mark,str,,1,3,3.1
Оборудование,ПЭД/Секция1/Наличие ТМС,Motor1_With_PDT,float,,1,3,3.1
Оборудование,ПЭД/Секция1/Номер секции,Motor1_MotorSectionNum,float,,1,,
Оборудование,"ПЭД/Секция1/Номинальная мощность двигателя, кВт",Motor1_NominalPower,float,кВт,1,3,3.1
Оборудование,ПЭД/Секция1/Номинальная частота,Motor1_NominalFrequency,float,Гц,1,3,3.1
Оборудование,ПЭД/Секция1/Номинальное напряжение,Motor1_NominalVoltage,float,В,1,3,3.1
Оборудование,ПЭД/Секция1/Номинальный ток,Motor1_NominalAmperage,float,А,1,3,3.1
Оборудование,"ПЭД/Секция1/Признак (нов, рем)",Motor1_Motor_EquipPropName,str,,1,3,3.1
Оборудование,ПЭД/Секция1/Секционный,Motor1_WithSections,float,,1,3,3.1
Оборудование,ПЭД/Секция1/Суммарная наработка,Motor1_Motor_WorkDays,float,сут,1,3,3.1
Оборудование,ПЭД/Секция1/Тип двигателя,Motor1_MotorType,str,,1,3,3.1
Оборудование,ПЭД/Секция2/Габаритная группа,Motor2_Overall_group,str,,1,3,3.1
Оборудование,ПЭД/Секция2/Группа электродвигателя,Motor2_MotorGroup,float,,1,3,3.1
Оборудование,ПЭД/Секция2/Диаметр,Motor2_MotorDiameter,float,м,1,3,3.1
Оборудование,ПЭД/Секция2/Завод-изготовитель,Motor2_Manufacturer,str,,1,3,3.1
Оборудование,ПЭД/Секция2/Категория ЕТТ,Motor2_MotorETT,str,,1,3,3.1
Оборудование,ПЭД/Секция2/Количество пар полюсов,Motor2_PoleTwinCount,float,шт.,1,3,3.1
Оборудование,ПЭД/Секция2/Количество секций,Motor2_MotorsCount,float,шт.,1,3,3.1
Оборудование,ПЭД/Секция2/Коррозионностойкое исполнение,Motor2_NameResist,str,,1,3,3.1
Оборудование,ПЭД/Секция2/Максимальная температура среды,Motor2_MaxMotorTemperature,float,0С,1,3,3.1
Оборудование,ПЭД/Секция2/Марка(модель),Motor2_Mark,str,,1,3,3.1
Оборудование,ПЭД/Секция2/Наличие ТМС,Motor2_With_PDT,float,,1,3,3.1
Оборудование,ПЭД/Секция2/Номер секции,Motor2_MotorSectionNum,float,,1,,
Оборудование,"ПЭД/Секция2/Номинальная мощность двигателя, кВт",Motor2_NominalPower,float,кВт,1,3,3.1
Оборудование,ПЭД/Секция2/Номинальная частота,Motor2_NominalFrequency,float,Гц,1,3,3.1
Оборудование,ПЭД/Секция2/Номинальное напряжение,Motor2_NominalVoltage,float,В,1,3,3.1
Оборудование,ПЭД/Секция2/Номинальный ток,Motor2_NominalAmperage,float,А,1,3,3.1
Оборудование,"ПЭД/Секция2/Признак (нов, рем)",Motor2_Motor_EquipPropName,str,,1,3,3.1
Оборудование,ПЭД/Секция2/Секционный,Motor2_WithSections,float,,1,3,3.1
Оборудование,ПЭД/Секция2/Суммарная наработка,Motor2_Motor_WorkDays,float,сут,1,3,3.1
Оборудование,ПЭД/Секция2/Тип двигателя,Motor2_MotorType,str,,1,3,3.1
Оборудование,ПЭД/Секция3/Габаритная группа,Motor3_Overall_group,str,,1,3,3.1
Оборудование,ПЭД/Секция3/Группа электродвигателя,Motor3_MotorGroup,float,,1,3,3.1
Оборудование,ПЭД/Секция3/Диаметр,Motor3_MotorDiameter,float,м,1,3,3.1
Оборудование,ПЭД/Секция3/Завод-изготовитель,Motor3_Manufacturer,str,,1,3,3.1
Оборудование,ПЭД/Секция3/Категория ЕТТ,Motor3_MotorETT,str,,1,3,3.1
Оборудование,ПЭД/Секция3/Количество пар полюсов,Motor3_PoleTwinCount,float,шт.,1,3,3.1
Оборудование,ПЭД/Секция3/Количество секций,Motor3_MotorsCount,float,шт.,1,3,3.1
Оборудование,ПЭД/Секция3/Коррозионностойкое исполнение,Motor3_NameResist,str,,1,3,3.1
Оборудование,ПЭД/Секция3/Максимальная температура среды,Motor3_MaxMotorTemperature,float,0С,1,3,3.1
Оборудование,ПЭД/Секция3/Марка(модель),Motor3_Mark,str,,1,3,3.1
Оборудование,ПЭД/Секция3/Наличие ТМС,Motor3_With_PDT,float,,1,3,3.1
Оборудование,ПЭД/Секция3/Номер секции,Motor3_MotorSectionNum,float,,1,,
Оборудование,"ПЭД/Секция3/Номинальная мощность двигателя, кВт",Motor3_NominalPower,float,кВт,1,3,3.1
Оборудование,ПЭД/Секция3/Номинальная частота,Motor3_NominalFrequency,float,Гц,1,3,3.1
Оборудование,ПЭД/Секция3/Номинальное напряжение,Motor3_NominalVoltage,float,В,1,3,3.1
Оборудование,ПЭД/Секция3/Номинальный ток,Motor3_NominalAmperage,float,А,1,3,3.1
Оборудование,"ПЭД/Секция3/Признак (нов, рем)",Motor3_Motor_EquipPropName,str,,1,3,3.1
Оборудование,ПЭД/Секция3/Секционный,Motor3_WithSections,float,,1,3,3.1
Оборудование,ПЭД/Секция3/Суммарная наработка,Motor3_Motor_WorkDays,float,сут,1,3,3.1
Оборудование,ПЭД/Секция3/Тип двигателя,Motor3_MotorType,str,,1,3,3.1
Скважинно-пластовые условия,Режим работы (пер./пост.),CyclicName,str,,2,,
Отказы,Режим работы на момент отказа 1,Failure1_Cyclic,str,,2,,
Отказы,Режим работы на момент отказа 2,Failure2_Cyclic,str,,2,,
Отказы,Режим работы на момент отказа 3,Failure3_Cyclic,str,,2,,
Отказы,Режим работы на момент отказа 4,Failure4_Cyclic,str,,2,,
Отказы,Режим работы на момент отказа 5,Failure5_Cyclic,str,,2,,
Отказы,Режим работы на момент отказа 6,Failure6_Cyclic,str,,2,,
Отказы,Режим работы на момент отказа 7,Failure7_Cyclic,str,,2,,
Расчетные параметры,"Свободный газ на входе при подаче Q опт, %",Free_Gas,float,,1,,
Скважинно-пластовые условия,Сервисная/прокатная организация,ServiceShopName,str,,5,3,na
ХАЛ,"Содержание  Fe2+, иона-железа, мг-экв/л",Ferrum_mg_eq_l,float,мг-экв/л,1,2,2.2
ХАЛ,"Содержание  Fe2+, иона-железа, мг/л",Ferrum_mg_l,float,мг/л,1,2,2.2
ХАЛ,"Содержание бром-иона, мг-экв/л",Bromum_mg_eq_l,float,мг-экв/л,1,2,2.2
ХАЛ,"Содержание бром-иона, мг/л",Bromum_mg_l,float,мг/л,1,2,2.2
ХАЛ,"Содержание гидрокарбоната HCO3, мг-экв/л",HydroCarbonate_mg_eq_l,float,мг-экв/л,1,2,2.2
ХАЛ,"Содержание гидрокарбоната HCO3, мг/л",HydroCarbonate_mg_l,float,мг/л,1,2,2.2
ХАЛ,"Содержание ингибитора, мг/л",Inhibitor_mg_l,float,мг/л,1,2,2.2
ХАЛ,"Содержание иона-аммония, мг-экв/л",Ammonia_mg_eq_l,float,мг-экв/л,1,2,2.2
ХАЛ,"Содержание иона-аммония, мг/л",Ammonia_mg_l,float,мг/л,1,2,2.2
ХАЛ,"Содержание иона-бора, мг-экв/л",Borum_mg_eq_l,float,мг-экв/л,1,2,2.2
ХАЛ,"Содержание иона-бора, мг/л",Borum_mg_l,float,мг/л,1,2,2.2
ХАЛ,"Содержание иона-йода, мг-экв/л",Jodum_mg_eq_l,float,мг-экв/л,1,2,2.2
ХАЛ,"Содержание иона-йода, мг/л",Jodum_mg_l,float,мг/л,1,2,2.2
ХАЛ,"Содержание кальция CA3+2, мг-экв/л",Calcium_mg_eq_l,float,мг-экв/л,1,2,2.2
ХАЛ,"Содержание кальция CA3+2, мг/л",Calcium_mg_l,float,мг/л,1,2,2.2
ХАЛ,"Содержание карбоната CO3-2, мг-экв/л",Carbonate_mg_eq_l,float,мг-экв/л,1,2,2.2
ХАЛ,"Содержание карбоната CO3-2, мг/л",Carbonate_mg_l,float,мг/л,1,2,2.2
ХАЛ,"Содержание магния MG+2, мг-экв/л",Magnesium_mg_eq_l,float,мг-экв/л,1,2,2.2
ХАЛ,"Содержание магния MG+2, мг/л",Magnesium_mg_l,float,мг/л,1,2,2.2
ХАЛ,"Содержание натрия и калия, мг-экв/л",NatriumKalium_mg_eq_l,float,мг-экв/л,1,2,2.2
ХАЛ,"Содержание натрия и калия, мг/л",NatriumKalium_mg_l,float,мг/л,1,2,2.2
ХАЛ,"Содержание сероводорода, (мг/л)",HydrogenSulfide_mg_l,float,мг/л,1,2,2.2
ХАЛ,"Содержание сульфата SO4-2, мг-экв/л",Sulfate_mg_eq_l,float,мг-экв/л,1,2,2.2
ХАЛ,"Содержание сульфата SO4-2, мг/л",Sulfate_mg_l,float,мг/л,1,2,2.2
ХАЛ,"Содержание хлор-иона, мг-экв/л",Clor_mg_eq_l,float,мг-экв/л,1,2,2.2
ХАЛ,"Содержание хлор-иона, мг/л",Clor_mg_l,float,мг/л,1,2,2.2
Скважинно-пластовые условия,Состояние забоя,BottomholeStateName,str,,5,3,3.2
Скважинно-пластовые условия,Степень Кори по воде,CoriWater,float,,3,2,2.2
Скважинно-пластовые условия,Степень Кори по нефти,CoriOil,float,,3,2,2.2
Осложнения,"СФ - Защищаемый узел: Насос (внутренняя, силовая часть)",pf_sf_node_Pump,float,,1,2,2.2
Осложнения,"СФ - Защищаемый узел: НКТ (внутренняя поверхность, тело)",pf_sf_node_NKT_body,float,,1,2,2.2
Осложнения,СФ - Защищаемый узел: Погружной электро двигатель,pf_sf_node_Motor,float,,1,2,2.2
Осложнения,"СФ - Категория ОФ (1, 2)",cf_sf_category,float,,1,2,2.2
Осложнения,"СФ - Наличие ОФ ""СОЛЕОТЛОЖЕНИЯ""",cf_sf,float,,1,2,2.2
Осложнения,"СФ - Наличие технологии защиты от данного ОФ (да, нет)",pf_sf,float,,1,2,2.2
Осложнения,"СФ - Насос (внутренняя, силовая часть)",cf_sf_node_Pump,float,,1,2,2.2
Осложнения,"СФ - НКТ (внутренняя поверхность, тело)",cf_sf_node_NKT_body,float,,1,2,2.2
Осложнения,СФ - Погружной электро двигатель,cf_sf_node_Motor,float,,1,2,2.2
Осложнения,СФ - Технология защиты 1,pf_sf_ProtectionName1,str,,1,2,2.2
Осложнения,СФ - Технология защиты 2,pf_sf_ProtectionName2,str,,1,2,2.2
Осложнения,СФ - Технология защиты 3,pf_sf_ProtectionName3,str,,1,2,2.2
Осложнения,СФ - Технология защиты 4,pf_sf_ProtectionName4,str,,1,2,2.2
Осложнения,СФ - Технология защиты 5,pf_sf_ProtectionName5,str,,1,2,2.2
Осложнения,СФ - Тип ОФ: ВaSO4 - сульфат бария (барит),cf_sf_ВaSO4,float,,1,2,2.2
Осложнения,СФ - Тип ОФ: CaCO3 - карбонат кальция (кальцит),cf_sf_CaCO3,float,,1,2,2.2
Осложнения,СФ - Тип ОФ: CaSO4 - сульфат кальция,cf_sf_CaSO4,float,,1,2,2.2
Осложнения,СФ - Тип ОФ: CaSO4.2Н2О – гипс,cf_sf_CaSO4_2Н2О,float,,1,2,2.2
Осложнения,"СФ - Тип ОФ: FeS - сульфид железа,",cf_sf_FeS,float,,1,2,2.2
Осложнения,СФ - Тип ОФ: MgCO3 - карбонат магния,cf_sf_MgCO3,float,,1,2,2.2
Осложнения,СФ - Тип ОФ: NaCl - хлористый натрий (галит),cf_sf_NaCl,float,,1,2,2.2
Осложнения,СФ - Тип ОФ: SrSO4 - сульфат стронция (целестин),cf_sf_SrSO4,float,,1,2,2.2
Отказы,Текущая наработка,CurrentTTF,float,,2,,
Скважинно-пластовые условия,Тепература пласта,ReservoirTemperature_c,float,0С,1,3,3.2
Скважинно-пластовые условия,Тип (вертикальная/горизонтальная),isHorizontal,str,,1,3,3.3
Отказы,Тип (ВНР - Режим) для отказа 1,Failure1_OnStartup,str,,2,,
Отказы,Тип (ВНР - Режим) для отказа 2,Failure2_OnStartup,str,,2,,
Отказы,Тип (ВНР - Режим) для отказа 3,Failure3_OnStartup,str,,2,,
Отказы,Тип (ВНР - Режим) для отказа 4,Failure4_OnStartup,str,,2,,
Отказы,Тип (ВНР - Режим) для отказа 5,Failure5_OnStartup,str,,2,,
Отказы,Тип (ВНР - Режим) для отказа 6,Failure6_OnStartup,str,,2,,
Отказы,Тип (ВНР - Режим) для отказа 7,Failure7_OnStartup,str,,2,,
Скважинно-пластовые условия,Тип газосепаратора,GasSeparator,str,,1,3,3.1
Скважинно-пластовые условия,Тип коллектора,ReservoidName,str,,1,,
Отказы,Тип отказа для отказа 1,Failure1_FailureType,str,,2,,
Отказы,Тип отказа для отказа 2,Failure2_FailureType,str,,2,,
Отказы,Тип отказа для отказа 3,Failure3_FailureType,str,,2,,
Отказы,Тип отказа для отказа 4,Failure4_FailureType,str,,2,,
Отказы,Тип отказа для отказа 5,Failure5_FailureType,str,,2,,
Отказы,Тип отказа для отказа 6,Failure6_FailureType,str,,2,,
Отказы,Тип отказа для отказа 7,Failure7_FailureType,str,,2,,
Оборудование,ТМС/Завод-изготовитель,PDT_Manufacturer,str,,1,3,3.1
Оборудование,ТМС/Марка (модель),PDT_Mark,str,,1,3,3.1
Оборудование,"ТМС/Признак (нов, рем)",PDT_EquipPropName,str,,1,3,3.1
Скважинно-пластовые условия,Ток двигателя,MotorCurrent_a,float,А,1,1,
Скважинно-пластовые условия,Угол наклона в точке подвеса ЭЦН ,ESP_Inclination,float,,3,,
Скважинно-пластовые условия,Удлинение скважины,PerfDelta_m,float,м,1,3,3.3
Скважинно-пластовые условия,Устье/Диаметр штуцера (наличие штуцера),ChokeDiameter_mm,float,мм,3,2,2.2
Скважинно-пластовые условия,Целевое забойное давление ,TRTargetLfpTech,float,атм,4,2,2.2
Скважинно-пластовые условия,Частота работы ЭЦН,Frequency_hz,float,Гц,1,2,2.1
Оборудование,ШУ/Наличие шламоуловителя,With_Slamretarder,int,,1,3,3.1
Осложнения,"ЭМ - Защищаемый узел: Насос (внутренняя, силовая часть)",pf_em_node_Pump,float,,1,2,2.2
Осложнения,"ЭМ - Защищаемый узел: НКТ (внутренняя поверхность, тело)",pf_em_node_NKT_body,float,,1,2,2.2
Осложнения,"ЭМ - Категория ОФ (1, 2)",cf_em_category,float,,1,2,2.2
Осложнения,"ЭМ - Наличие ОФ ""ЭМУЛЬСИЯ""",cf_em,float,,1,2,2.2
Осложнения,"ЭМ - Наличие технологии защиты от данного ОФ (да, нет)",pf_em,float,,1,2,2.2
Осложнения,"ЭМ - Насос (внутренняя, силовая часть)",cf_em_node_Pump,float,,1,2,2.2
Осложнения,"ЭМ - НКТ (внутренняя поверхность, тело)",cf_em_node_NKT_body,float,,1,2,2.2
Осложнения,ЭМ - Технология защиты 1,pf_em_ProtectionName1,str,,1,2,2.2
Осложнения,ЭМ - Технология защиты 2,pf_em_ProtectionName2,str,,1,2,2.2
Осложнения,ЭМ - Технология защиты 3,pf_em_ProtectionName3,str,,1,2,2.2
Осложнения,ЭМ - Технология защиты 4,pf_em_ProtectionName4,str,,1,2,2.2
Осложнения,ЭМ - Технология защиты 5,pf_em_ProtectionName5,str,,1,2,2.2
Скважинно-пластовые условия,"Энергопотребление за сутки, кВт/сут",EnergyCons_kWt_h_d,float,кВт/сут,1,1,
Осложнения,"ЭФ - Защищаемый узел: Насос (внутренняя, силовая часть)",pf_ef_node_Pump,float,,1,2,2.2
Осложнения,"ЭФ - Защищаемый узел: НКТ (внутренняя поверхность, тело)",pf_ef_node_NKT_body,float,,1,2,2.2
Осложнения,ЭФ - Защищаемый узел: НКТ (ниппельная часть и муфта),pf_ef_node_NKT_coupling,float,,1,2,2.2
Осложнения,ЭФ - Защищаемый узел: Погружной электро двигатель,pf_ef_node_Motor,float,,1,2,2.2
Осложнения,"ЭФ - Категория ОФ (1, 2)",cf_ef_category,float,,1,2,2.2
Осложнения,"ЭФ - Наличие ОФ ""ЭРОЗИОННАЯ АГРЕСИВНОСТЬ""",cf_ef,float,,1,2,2.2
Осложнения,"ЭФ - Наличие технологии защиты от данного ОФ (да, нет)",pf_ef,float,,1,2,2.2
Осложнения,"ЭФ - Насос (внутренняя, силовая часть)",cf_ef_node_Pump,float,,1,2,2.2
Осложнения,"ЭФ - НКТ (внутренняя поверхность, тело)",cf_ef_node_NKT_body,float,,1,2,2.2
Осложнения,ЭФ - НКТ (ниппельная часть и муфта),cf_ef_node_NKT_coupling,float,,1,2,2.2
Осложнения,ЭФ - Погружной электро двигатель,cf_ef_node_Motor,float,,1,2,2.2
Осложнения,ЭФ - Технология защиты 1,pf_ef_ProtectionName1,str,,1,2,2.2
Осложнения,ЭФ - Технология защиты 2,pf_ef_ProtectionName2,str,,1,2,2.2
Осложнения,ЭФ - Технология защиты 3,pf_ef_ProtectionName3,str,,1,2,2.2
Осложнения,ЭФ - Технология защиты 4,pf_ef_ProtectionName4,str,,1,2,2.2
Осложнения,ЭФ - Технология защиты 5,pf_ef_ProtectionName5,str,,1,2,2.2
Осложнения,ЭФ - Тип ОФ: Абразивный (износ в местах соприкосновения трущихся поверхностей с абразивом),cf_ef_Abrasive,float,,1,2,2.2
Осложнения,ЭФ - Тип ОФ: Гидроабразивный (влияние скорости гидроабразивного потока),cf_ef_Waterjet,float,,1,2,2.2
Расчетные параметры,"ЭЦН с пакером (да, нет)",ESP_Paker,int,,1,,
ХАЛ,pH-фактор,PH,float,,1,3,3.2